nb_clients,T,s,n_rounds,corrected_budget,build_seconds,solve_seconds,scip_seconds,status,objective_value,achieved_GHG
7,90,20,109,64.76018399999998,0.0006282340036705136,0.6439593370305374,,optimal,9.206292966300541,64.726476
7,90,40,129,64.76538299999999,0.00047226797323673964,2.1482072160579264,,optimal_inaccurate,9.2631659571666,64.76432100000005
7,90,60,149,64.74673799999998,0.0005453949561342597,3.2923835170222446,,optimal_inaccurate,9.296289752605244,64.74296100000005
7,90,80,169,64.72295999999999,0.000483175041154027,10.399537471937947,,optimal_inaccurate,9.323337698827816,64.71928800000006
7,90,100,189,64.73771699999998,0.0004563770489767194,3.8624470479553565,,optimal_inaccurate,9.349387489310054,64.73501700000006
7,75,20,94,52.97891699999999,0.0004198669921606779,0.5042772269807756,,optimal,9.053446389631109,52.97674800000002
7,75,40,114,52.98448199999999,0.00043489900417625904,2.829294644994661,,optimal_inaccurate,9.113611254614787,52.983480000000014
7,75,60,134,52.974788999999994,0.0004513480234891176,3.0836386430310085,,optimal_inaccurate,9.15195186235726,52.97281800000003
7,75,80,154,52.988066999999994,0.00045329099521040916,3.405047518084757,,optimal_inaccurate,9.179999199309496,52.983015000000016
7,75,100,174,52.97498699999999,0.0004534859908744693,3.162013101973571,,optimal_inaccurate,9.201528684542293,52.97192100000003
7,60,20,79,41.780871,0.00045135209802538157,3.3948247449006885,,optimal,8.87898930989989,41.756462999977764
7,60,40,99,41.836791,0.0004308560164645314,3.1476048140320927,,optimal_inaccurate,8.934749441625177,41.83530900000002
7,60,60,119,41.82666,0.0004435029113665223,4.140833126031794,,optimal_inaccurate,8.980253676808537,41.823789
7,60,80,139,41.77531799999999,0.0004581150133162737,4.053116451017559,,optimal_inaccurate,9.009922260391422,41.774357999999964
7,60,100,159,41.781741,0.0004835639847442508,6.044064611080103,,optimal_inaccurate,9.03075019208713,41.778345
7,45,20,64,31.350030000000004,0.0004237759858369827,2.0344556159107015,,optimal,8.6652282347828,31.349537999999974
7,45,40,84,31.315962000000003,0.0004277479602023959,2.669033166952431,,optimal_inaccurate,8.728396743905414,31.311764999999973
7,45,60,104,31.338000000000005,0.00045166199561208487,3.1697283479152247,,optimal_inaccurate,8.77341719935764,31.33654199999997
7,45,80,124,31.341156,0.0004468809347599745,6.346274784067646,,optimal_inaccurate,8.806474935393362,31.33910099999998
7,45,100,144,31.288653000000004,0.0004638331010937691,4.6564786289818585,,optimal_inaccurate,8.825478184332702,31.287752999999977
7,30,20,49,21.048465,0.00041871191933751106,2.5215460100444034,,optimal_inaccurate,8.367136024788053,21.046106999999978
7,30,40,69,20.977095000000002,0.0004318590508773923,4.06732429692056,,optimal_inaccurate,8.451109848030129,20.973441000086062
7,30,60,89,20.930982,0.00042334396857768297,4.364863452967256,,optimal_inaccurate,8.492575971908568,20.925774000000004
7,30,80,109,20.962302,0.0004451669519767165,5.373125265003182,,optimal_inaccurate,8.523407914953747,20.95954499999997
7,30,100,129,20.967501000000002,0.000446476973593235,7.0967937669483945,,optimal_inaccurate,8.540936509464137,20.96475
7,15,20,34,9.963557999999997,0.0004268219927325845,4.470272790058516,,optimal_inaccurate,7.834534848157716,9.962114999999999
7,15,40,54,9.926894999999998,0.000432959059253335,4.157513977959752,,optimal_inaccurate,7.958449163594153,9.923919000000003
7,15,60,74,9.918026999999999,0.0004163859412074089,4.914523571031168,,optimal_inaccurate,7.986221301175558,9.917328000000003
7,15,80,94,9.869537999999997,0.00048741104546934366,5.986913368920796,,optimal_inaccurate,7.993361178703132,9.867051
7,15,100,114,9.875102999999998,0.00046486209612339735,4.804670252953656,,optimal_inaccurate,8.000969627020249,9.873693000000001
7,5,20,24,2.748792,0.00044292397797107697,4.647924588061869,,optimal_inaccurate,6.986465557163598,2.7454110000000025
7,5,40,44,2.7892200000000003,0.0004122910322621465,5.225128181045875,,optimal_inaccurate,7.07171000780157,2.7890820000000005
7,5,60,64,2.719341,0.00043712195474654436,4.121028322027996,,optimal_inaccurate,7.089951029663297,2.7189389999999993
7,5,80,84,2.685273,0.00042935588862746954,6.600310513051227,,optimal_inaccurate,7.081046323547139,2.6769869999999996
7,5,100,104,2.707311,0.0004546539857983589,5.511733558960259,,optimal_inaccurate,7.091565301064747,2.704434
7,3,20,22,1.326858,0.00042283593211323023,5.437668549013324,,optimal_inaccurate,6.515718354083542,1.3176539999999997
7,3,40,42,1.3970100000000003,0.00041101593524217606,6.99321233399678,,optimal_inaccurate,6.619130275156247,1.3922400000000001
7,3,60,62,1.3461660000000002,0.0004400740144774318,4.895330133964308,,optimal_inaccurate,6.630802405017785,1.3404989999999997
7,3,80,82,1.3071540000000001,0.00045268796384334564,5.536159715964459,,optimal_inaccurate,6.608526246077574,1.3067220000000002
7,3,100,102,1.3359390000000002,0.0004620299441739917,4.235778312082402,,optimal_inaccurate,6.623071449875257,1.323141
14,90,20,109,124.35285300000007,0.00045589194633066654,0.6416264959843829,,optimal,18.482596466401937,124.35121199999983
14,90,40,129,124.31037600000006,0.000482684001326561,3.8826596830040216,,optimal_inaccurate,18.632277316525617,124.30197599999997
14,90,60,149,124.30210500000005,0.0005047919694334269,1.0501177500700578,,optimal,18.719951437253194,124.30066499999994
14,90,80,169,124.30384200000006,0.0005370539147406816,5.459314273088239,,optimal_inaccurate,18.791190709010984,124.30341899999996
14,90,100,189,124.40789100000006,0.0005023509729653597,7.1174693329958245,,optimal_inaccurate,18.869206551657562,124.40549399999996
14,75,20,94,101.00465700000002,0.00049047009088099,1.3856762759387493,,optimal,18.192395465948238,100.99925100000038
14,75,40,114,101.01500400000002,0.00048280798364430666,3.3557499579619616,,optimal_inaccurate,18.35166076497933,101.01336599999992
14,75,60,134,100.96668900000002,0.0004925680113956332,5.220510556013323,,optimal_inaccurate,18.432850442116056,100.96481400044972
14,75,80,154,101.12886900000002,0.0005003410624340177,4.957381114945747,,optimal_inaccurate,18.502717403015186,101.1285960000001
14,75,100,174,101.08251300000002,0.0005496330559253693,5.356467628036626,,optimal_inaccurate,18.556386675265863,101.082399000001
14,60,20,79,78.86928600000002,0.00047436601016670465,7.4693082890007645,,optimal_inaccurate,17.856975376477347,78.85777799999998
14,60,40,99,78.93391800000002,0.00046206102706491947,3.7171112770447508,,optimal_inaccurate,17.999308921621633,78.93342299999998
14,60,60,119,78.90924600000001,0.0005037349183112383,4.2203016330022365,,optimal_inaccurate,18.09997626390608,78.90526500000004
14,60,80,139,78.88798500000001,0.00048730603884905577,6.514118724036962,,optimal_inaccurate,18.15521126771132,78.88654800000016
14,60,100,159,78.84587100000002,0.000562389031983912,3.3244231740245596,,optimal_inaccurate,18.205841131026048,78.8456130000001
14,45,20,64,58.8432,0.00046336802188307047,4.040308241033927,,optimal_inaccurate,17.4619383739215,58.84222799999958
14,45,40,84,58.798905000000005,0.000467892037704587,3.114903382025659,,optimal_inaccurate,17.60494128693164,58.797963000000074
14,45,60,104,58.833954000000006,0.0004832240520045161,3.7847779400181025,,optimal_inaccurate,17.694737164964017,58.83199800000004
14,45,80,124,58.740711000000005,0.0004650239134207368,3.5139539680676535,,optimal_inaccurate,17.7570324132645,58.740351000000054
14,45,100,144,58.740387000000005,0.0006160500925034285,4.619421876966953,,optimal_inaccurate,17.791710434023248,58.739514000000085
14,30,20,49,39.720816,0.0005510009359568357,3.8517907870700583,,optimal_inaccurate,16.8952197584536,39.7159979999998
14,30,40,69,39.530253,0.0004486279794946313,2.9819877459667623,,optimal_inaccurate,17.079537006509682,39.529047
14,30,60,89,39.449961,0.00047382607590407133,5.31228760490194,,optimal_inaccurate,17.15929025213956,39.44995200000003
14,30,80,109,39.54558,0.000510112033225596,3.579478846048005,,optimal_inaccurate,17.214462796849848,39.54386400000052
14,30,100,129,39.503103,0.000491617014631629,5.095719164935872,,optimal_inaccurate,17.24379605636472,39.502755000000036
14,15,20,34,18.692286000000003,0.00047711306251585484,3.90028994390741,,optimal_inaccurate,15.862056723482919,18.686436000000022
14,15,40,54,18.539829000000005,0.00045454304199665785,4.208073936053552,,optimal_inaccurate,16.10493461473685,18.538794000000014
14,15,60,74,18.445674000000004,0.00044283096212893724,9.289591120090336,,optimal_inaccurate,16.1475438347108,18.444888000000017
14,15,80,94,18.361449000000004,0.0005310500273481011,5.643021221039817,,optimal_inaccurate,16.16149094262767,18.360978000000006
14,15,100,114,18.371796000000003,0.00048289098776876926,6.929659291985445,,optimal_inaccurate,16.18624629437354,18.369969000000008
14,5,20,24,5.308074,0.0004697800613939762,5.569655539933592,,optimal_inaccurate,14.21498195965388,5.305764000000002
14,5,40,44,5.438070000000001,0.00042887090239673853,5.354869150090963,,optimal_inaccurate,14.422945280819643,5.437547999999997
14,5,60,64,5.220699,0.0004804600030183792,8.749410276068375,,optimal_inaccurate,14.416175474372983,5.220692999999999
14,5,80,84,5.176404,0.00045548402704298496,6.149735910934396,,optimal_inaccurate,14.406627644105276,5.176103999999999
14,5,100,104,5.211453000000001,0.0004652149509638548,6.994557357975282,,optimal_inaccurate,14.425301573010568,5.208201000000001
14,3,20,22,2.589678,0.0004546110285446048,1.8895399459870532,,optimal,13.295289276471582,2.5896390000000005
14,3,40,42,2.7460649999999998,0.00043307594023644924,6.378382609109394,,optimal_inaccurate,13.515849473904622,2.7444300000000004
14,3,60,62,2.5930920000000004,0.0004749640356749296,7.572319041006267,,optimal_inaccurate,13.489059306523073,2.592864
14,3,80,82,2.514012,0.00045955495443195105,8.513057867996395,,optimal_inaccurate,13.445686100584199,2.513739000028431
14,3,100,102,2.516337,0.0004980390658602118,13.199803075985983,,optimal_inaccurate,13.44788105168313,2.5156110000000003
28,90,20,109,241.728087,0.0005511100171133876,5.180968175991438,,optimal_inaccurate,37.05672763050818,241.7251050000002
28,90,40,129,241.89473999999998,0.0005844269180670381,7.459591599064879,,optimal_inaccurate,37.35652631510522,241.89453299999963
28,90,60,149,241.92355199999997,0.0005984199233353138,7.22530023008585,,optimal_inaccurate,37.54857416411382,241.92336599999967
28,90,80,169,241.88254799999999,0.0006347179878503084,8.475037015974522,,optimal_inaccurate,37.68680740522267,241.8810269999998
28,90,100,189,241.94484599999998,0.0006542210467159748,9.995473873917945,,optimal_inaccurate,37.838641723477224,241.94455799999972
28,75,20,94,197.13648900000004,0.0006060450104996562,5.246066128020175,,optimal_inaccurate,36.46126108002339,197.13490499999992
28,75,40,114,196.97022300000003,0.0006003360031172633,10.053875316982158,,optimal_inaccurate,36.77798784299469,196.9693020000011
28,75,60,134,196.98510900000002,0.0005805420223623514,9.503592781955376,,optimal_inaccurate,36.98133312965977,196.9847579999997
28,75,80,154,197.19146700000002,0.000643017003312707,14.359459929983132,,optimal_inaccurate,37.12967607150836,197.1904769999996
28,75,100,174,197.30049300000002,0.0006062350003048778,11.521686747903004,,optimal_inaccurate,37.23775410449401,197.29944899999967
28,60,20,79,154.14057900000006,0.0006324129644781351,5.414540685946122,,optimal_inaccurate,35.80095944127626,154.1375489999999
28,60,40,99,154.26841500000006,0.0005649069789797068,5.966311854077503,,optimal_inaccurate,36.09331420732251,154.26710699999973
28,60,60,119,154.18464600000004,0.0005633470136672258,7.766696534003131,,optimal_inaccurate,36.30136481160408,154.18401599999993
28,60,80,139,153.99437700000004,0.0005756779573857784,16.934140849043615,,optimal_inaccurate,36.43932463034507,153.99253799999957
28,60,100,159,153.88513800000004,0.000596756930463016,11.259141813032329,,optimal_inaccurate,36.54339930317849,153.88426199999986
28,45,20,64,115.670184,0.0005827510030940175,4.553173276013695,,optimal_inaccurate,34.99641246996747,115.66993799999997
28,45,40,84,115.537512,0.0004995180061087012,6.109381187940016,,optimal_inaccurate,35.334075401587846,115.53667199999975
28,45,60,104,115.638879,0.0005258979508653283,8.347327087074518,,optimal_inaccurate,35.52411890018464,115.6380749999999
28,45,80,124,115.728243,0.0005675069987773895,8.049196838052012,,optimal_inaccurate,35.66111801176416,115.72808699999979
28,45,100,144,115.61519100000001,0.000593248987570405,12.478512590983883,,optimal_inaccurate,35.742017121549615,115.61514000000001
28,30,20,49,76.73860800000001,0.0005555730313062668,4.562782170949504,,optimal_inaccurate,33.82683015945814,76.73816699999995
28,30,40,69,76.33884900000001,0.00044550804886966944,6.217718763044104,,optimal_inaccurate,34.25018186541821,76.33687199999987
28,30,60,89,76.137084,0.0005298819160088897,6.870805818005465,,optimal_inaccurate,34.418738911991575,76.1366999999999
28,30,80,109,76.141428,0.0006674979813396931,8.445908647030592,,optimal_inaccurate,34.52294794520675,76.14141599999999
28,30,100,129,76.30808100000002,0.0006097709992900491,14.381935726036318,,optimal_inaccurate,34.601894285204075,76.30782900000003
28,15,20,34,36.113661,0.0005428300937637687,6.943845015950501,,optimal_inaccurate,31.851078215638914,36.11202899999999
28,15,40,54,36.105123,0.0004587880102917552,14.454603116959333,,optimal_inaccurate,32.32499998717618,36.104340000000015
28,15,60,74,35.895279,0.0005121800350025296,8.768791181966662,,optimal_inaccurate,32.43247367465449,35.894895000000034
28,15,80,94,35.671872,0.0005439169472083449,9.785456925048493,,optimal_inaccurate,32.45221812610007,35.67096000302129
28,15,100,114,35.505606,0.0005896700313314795,7.3796929229283705,,optimal_inaccurate,32.48715238965032,35.50458000000005
28,5,20,24,10.010231999999998,0.000540941022336483,6.291904728976078,,optimal_inaccurate,28.53285709731777,10.009943999999996
28,5,40,44,9.986960999999997,0.0004674490774050355,13.457033825921826,,optimal_inaccurate,28.86566029123264,9.986108999999999
28,5,60,64,9.694985999999998,0.0004679150879383087,12.671940159983933,,optimal_inaccurate,28.899632387788277,9.694524000000001
28,5,80,84,9.562313999999997,0.0005472700577229261,10.801645829924382,,optimal_inaccurate,28.871825503502155,9.562149
28,5,100,104,9.663680999999997,0.0005367869744077325,12.54472353705205,,optimal_inaccurate,28.914219734502804,9.663398999999995
28,3,20,22,4.908479999999999,0.0005001169629395008,11.14355922001414,,optimal_inaccurate,26.719799430792637,4.907997000415343
28,3,40,42,4.948085999999999,0.0004873101133853197,9.045594576979056,,optimal_inaccurate,27.031175554353833,4.947866999999997
28,3,60,62,4.761576,0.0005040849791839719,14.365385237964801,,optimal_inaccurate,27.030460786144786,4.759715999999999
28,3,80,82,4.653404999999999,0.0006001510191708803,13.175510054919869,,optimal_inaccurate,26.977808308486846,4.651758000000001
28,3,100,102,4.750226999999999,0.0005426689749583602,10.234018613002263,,optimal_inaccurate,27.039311514083835,4.749453000000003
54,90,20,109,443.89862100000005,0.0006161769852042198,14.096363242017105,,optimal_inaccurate,71.7525187015418,443.8973370000009
54,90,40,129,444.08396100000004,0.0007558569777756929,14.007891838089563,,optimal_inaccurate,72.28782452741976,444.0825330000011
54,90,60,149,444.02907000000005,0.0007990850135684013,38.57281420798972,,optimal_inaccurate,72.63757909915951,444.02754000000135
54,90,80,169,443.85223500000006,0.0007735759718343616,45.36198848497588,,optimal_inaccurate,72.8885221767912,443.8514880000007
54,90,100,189,444.08871000000005,0.000909171998500824,55.16164322395343,,optimal_inaccurate,73.14976842641009,444.0885000000006
54,75,20,94,363.65136300000006,0.0007319500437006354,11.303143013967201,,optimal_inaccurate,70.58147531078586,363.65058300000135
54,75,40,114,363.36358200000006,0.0007207290036603808,13.040007986943237,,optimal_inaccurate,71.14883196377325,363.3632430000005
54,75,60,134,363.50648400000006,0.0007511569419875741,20.078832344035618,,optimal_inaccurate,71.53181452915547,363.50624699696124
54,75,80,154,363.61829700000004,0.0007883370853960514,21.282063171966,,optimal_inaccurate,71.80046800931612,363.61729500056697
54,75,100,174,363.701766,0.000954427057877183,30.35266346100252,,optimal_inaccurate,72.00846006116278,363.7011930000008
54,60,20,79,284.84605200000004,0.0006696099881082773,9.10117588203866,,optimal_inaccurate,69.23687036160302,284.84576400000043
54,60,40,99,284.98284300000006,0.0006574689177796245,13.283032010076568,,optimal_inaccurate,69.7784367496982,284.98239600000056
54,60,60,119,284.913672,0.0006514389533549547,19.19372935697902,,optimal_inaccurate,70.18381110343917,284.91318000000047
54,60,80,139,284.62503000000004,0.0007032209541648626,21.351346572046168,,optimal_inaccurate,70.46706827523317,284.6248860000008
54,60,100,159,284.41707900000006,0.0008222110336646438,29.808460506028496,,optimal_inaccurate,70.65660856189818,284.41627193153283
54,45,20,64,212.01221400000003,0.0007198069943115115,9.09702617698349,,optimal_inaccurate,67.60460927504036,212.0119710000003
54,45,40,84,211.89080100000004,0.0006649920251220465,13.656302293995395,,optimal_inaccurate,68.20069555833207,211.88997000000035
54,45,60,104,211.97301900000002,0.0006452900124713778,18.154993011965416,,optimal_inaccurate,68.57865901982527,211.9726440000005
54,45,80,124,212.05096200000003,0.0007980800000950694,17.64521203597542,,optimal_inaccurate,68.87121260918377,212.05065600980964
54,45,100,144,211.803996,0.0007805540226399899,33.687715322943404,,optimal_inaccurate,69.05869503145018,211.80261000000016
54,30,20,49,140.257068,0.000675676972605288,11.311847151024267,,optimal_inaccurate,65.32069764454835,140.25461400000032
54,30,40,69,139.83263399999998,0.0005516650853678584,14.921929697971791,,optimal_inaccurate,66.03756028007325,139.83245099999982
54,30,60,89,139.567146,0.0005874719936400652,16.91145512892399,,optimal_inaccurate,66.38590775477361,139.56708599999988
54,30,80,109,139.583682,0.0006184049416333437,28.62876990996301,,optimal_inaccurate,66.63396897000527,139.58354099999988
54,30,100,129,139.769022,0.0006834390806034207,34.52249545196537,,optimal_inaccurate,66.83986047095188,139.76867999999976
54,15,20,34,66.97742699999999,0.0005790080176666379,13.021460862015374,,optimal_inaccurate,61.4940075000088,66.97553399999997
54,15,40,54,66.78121199999998,0.0005459600361064076,20.113288847962394,,optimal_inaccurate,62.313534523744174,66.7808339998537
54,15,60,74,66.51276899999999,0.0005537959514185786,18.574087742017582,,optimal_inaccurate,62.58391248179976,66.5126639999999
54,15,80,94,66.31206599999999,0.0006382720312103629,24.82063125493005,,optimal_inaccurate,62.7359853240693,66.31178400023221
54,15,100,114,66.02428499999999,0.0008930210024118423,19.035040287068114,,optimal_inaccurate,62.88737139577599,66.02389499999997
54,5,20,24,18.734414999999995,0.0005887020379304886,20.437412761966698,,optimal_inaccurate,55.30301655208043,18.731856000000008
54,5,40,44,18.736274999999992,0.0005063110729679465,22.680666322936304,,optimal_inaccurate,55.948746066782206,18.734769000000018
54,5,60,64,18.306644999999993,0.000633952091448009,26.023981206002645,,optimal_inaccurate,56.05707766091439,18.30515700207368
54,5,80,84,18.185231999999996,0.0006243640091270208,44.271251042955555,,optimal_inaccurate,56.14309068634001,18.182469001655388
54,5,100,104,18.267449999999993,0.0007826039800420403,25.86772252304945,,optimal_inaccurate,56.25397515382816,18.266694
54,3,20,22,9.381371999999995,0.0005383440293371677,22.234582380973734,,optimal_inaccurate,51.994158858823695,9.381372000000008
54,3,40,42,9.382148999999995,0.0005082670832052827,20.70429599797353,,optimal_inaccurate,52.57986319057289,9.381923999999998
54,3,60,62,8.976971999999996,0.0005455040372908115,38.98501075000968,,optimal_inaccurate,52.54264833803658,8.975705999999999
54,3,80,82,8.938475999999996,0.0006292830221354961,54.015660188975744,,optimal_inaccurate,52.63956926533706,8.934378000000002
54,3,100,102,9.023576999999996,0.0006858479464426637,37.198684002039954,,optimal_inaccurate,52.77157246233901,9.023303999999996
