nb_clients,T,s,n_rounds,corrected_budget,build_seconds,solve_seconds,status,objective_value,achieved_GHG
7,90,20,109,64.76018399999998,0.0018768770387396216,0.012828930979594588,greedy_done,9.206292966300541,64.72647600000008
7,90,40,129,64.76538299999999,0.002565615111961961,0.01608313398901373,greedy_done,9.262489278316062,64.68601800000015
7,90,60,149,64.74673799999998,0.0034280259860679507,0.01916738401632756,greedy_done,9.295564806911534,64.66437000000016
7,90,80,169,64.72295999999999,0.004405634012073278,0.02155581198167056,greedy_done,9.322630476181606,64.64005800000018
7,90,100,189,64.73771699999998,0.005560940015129745,0.024747321964241564,greedy_done,9.349288260722616,64.72496400000021
7,75,20,94,52.97891699999999,0.0014758859761059284,0.01000132504850626,greedy_done,9.052406549280171,52.85635500000002
7,75,40,114,52.98448199999999,0.0020953889470547438,0.012833676068112254,greedy_done,9.11277310007138,52.90572900000004
7,75,60,134,52.974788999999994,0.0027986490167677402,0.01559926406480372,greedy_done,9.151840569290698,52.962477000000035
7,75,80,154,52.988066999999994,0.003643312957137823,0.01800637599080801,greedy_done,9.179999199309496,52.983015000000044
7,75,100,174,52.97498699999999,0.004663213971070945,0.019876305013895035,greedy_done,9.20064218078452,52.89923700000011
7,60,20,79,41.780871,0.0010270200436934829,0.007503944914788008,greedy_done,8.877925068346174,41.672348999999976
7,60,40,99,41.836791,0.0015550319803878665,0.00996167107950896,greedy_done,8.933998208780238,41.77853699999997
7,60,60,119,41.82666,0.0022143800742924213,0.012278920970857143,greedy_done,8.97834775114234,41.69319599999994
7,60,80,139,41.77531799999999,0.003036930924281478,0.014321679016575217,greedy_done,9.009528799301878,41.74242599999994
7,60,100,159,41.781741,0.00391927408054471,0.016773170907981694,greedy_done,9.029588151054677,41.70328799999995
7,45,20,64,31.350030000000004,0.0007375300629064441,0.005426193936727941,greedy_done,8.664659069977109,31.314794999999936
7,45,40,84,31.315962000000003,0.0012717689387500286,0.007348656072281301,greedy_done,8.72800483980263,31.290245999999936
7,45,60,104,31.338000000000005,0.0017220890149474144,0.009158791042864323,greedy_done,8.772443708592384,31.283693999999937
7,45,80,124,31.341156,0.0024132030084729195,0.01112611498683691,greedy_done,8.806189683885162,31.316189999999935
7,45,100,144,31.288653000000004,0.0032895009499043226,0.01285292103420943,greedy_done,8.821654753327648,31.101515999999936
7,30,20,49,21.048465,0.0004249709891155362,0.0036021650303155184,greedy_done,8.365148162461356,20.97064799999998
7,30,40,69,20.977095000000002,0.0008214749395847321,0.005141310044564307,greedy_done,8.448293575272091,20.870408999999988
7,30,60,89,20.930982,0.0013095380272716284,0.006601181928999722,greedy_done,8.488511378771287,20.789372999999998
7,30,80,109,20.962302,0.0018901829607784748,0.008380493032746017,greedy_done,8.52061485250227,20.866898999999997
7,30,100,129,20.967501000000002,0.002646877896040678,0.010239576105959713,greedy_done,8.540022706874831,20.932889999999997
7,15,20,34,9.963557999999997,0.0002195810666307807,0.0017297049053013325,greedy_done,7.832893289118562,9.923639999999997
7,15,40,54,9.926894999999998,0.0005017549265176058,0.0029596100794151425,greedy_done,7.955810835058174,9.877308
7,15,60,74,9.918026999999999,0.0009280809899792075,0.004101291066035628,greedy_done,7.983832550595892,9.875139
7,15,80,94,9.869537999999997,0.0014404570683836937,0.00510702992323786,greedy_done,7.986865802294771,9.776004000000004
7,15,100,114,9.875102999999998,0.002066688030026853,0.006425992934964597,greedy_done,7.994890091712261,9.790047000000005
7,5,20,24,2.748792,0.00014138792175799608,0.0006193059962242842,greedy_done,6.986465557163597,2.7454110000000003
7,5,40,44,2.7892200000000003,0.000356131000444293,0.001212358009070158,greedy_done,7.070137225665735,2.7761100000000005
7,5,60,64,2.719341,0.0007483449298888445,0.0017057469813153148,greedy_done,7.089951029663297,2.718939
7,5,80,84,2.685273,0.0011792749864980578,0.0021440000273287296,greedy_done,7.0626986049888085,2.600715
7,5,100,104,2.707311,0.0017418480711057782,0.0026194569654762745,greedy_done,7.067323635976803,2.6034360000000003
7,3,20,22,1.326858,0.00012037402484565973,0.00037191901355981827,greedy_done,6.515145546869369,1.3139310000000002
7,3,40,42,1.3970100000000003,0.00032192107755690813,0.0007386169163510203,greedy_done,6.619130275156247,1.39224
7,3,60,62,1.3461660000000002,0.0006419450510293245,0.0010477449977770448,greedy_done,6.6308024050177865,1.3404989999999999
7,3,80,82,1.3071540000000001,0.001100823050364852,0.0012388889444991946,greedy_done,6.554829179407648,1.200207
7,3,100,102,1.3359390000000002,0.0017094169743359089,0.0016314699314534664,greedy_done,6.623071449875257,1.3231410000000001
14,90,20,109,124.35285300000007,0.0035400259075686336,0.02161310298833996,greedy_done,18.482429552394336,124.31807099999996
14,90,40,129,124.31037600000006,0.004884811001829803,0.026996903005056083,greedy_done,18.631734421826287,124.226643
14,90,60,149,124.30210500000005,0.006573062972165644,0.031733973999507725,greedy_done,18.719063538435858,124.19902500000008
14,90,80,169,124.30384200000006,0.008423662045970559,0.03635328996460885,greedy_done,18.79063841397287,124.24278900000013
14,90,100,189,124.40789100000006,0.01058045495301485,0.03991370799485594,greedy_done,18.869188042896155,124.40284200000012
14,75,20,94,101.00465700000002,0.002670911024324596,0.017104586004279554,greedy_done,18.191177854314265,100.83130500000004
14,75,40,114,101.01500400000002,0.0039657860761508346,0.021840902976691723,greedy_done,18.35119369845368,100.965687
14,75,60,134,100.96668900000002,0.005338812014088035,0.02619678492192179,greedy_done,18.431994427092345,100.88600400000009
14,75,80,154,101.12886900000002,0.007045220001600683,0.03031618904788047,greedy_done,18.502126993148757,101.07610800000009
14,75,100,174,101.08251300000002,0.009006339008919895,0.03407807799521834,greedy_done,18.556333558228673,101.07744000000014
14,60,20,79,78.86928600000002,0.0020590430358424783,0.013263686909340322,greedy_done,17.855995865701836,78.75186600000005
14,60,40,99,78.93391800000002,0.002944882959127426,0.017061814083717763,greedy_done,17.999276914213823,78.92793300000004
14,60,60,119,78.90924600000001,0.004253997001796961,0.02092414500657469,greedy_done,18.099768215337953,78.89039400000003
14,60,80,139,78.88798500000001,0.0059028599644079804,0.02440016099717468,greedy_done,18.154858935464276,78.86356800000003
14,60,100,159,78.84587100000002,0.007557388977147639,0.028115530963987112,greedy_done,18.20459234331334,78.76861500000008
14,45,20,64,58.8432,0.0012627049582079053,0.009769128053449094,greedy_done,17.461210866632296,58.785962999999946
14,45,40,84,58.798905000000005,0.0022896670270711184,0.01301072002388537,greedy_done,17.604527216641934,58.774436999999935
14,45,60,104,58.833954000000006,0.003246672102250159,0.016021022922359407,greedy_done,17.693714207421674,58.780613999999936
14,45,80,124,58.740711000000005,0.004584911046549678,0.019299626001156867,greedy_done,17.75588901245767,58.68540599999999
14,45,100,144,58.740387000000005,0.00613672100007534,0.022553530987352133,greedy_done,17.79055737855117,58.686885000000004
14,30,20,49,39.720816,0.0007856599986553192,0.006596519961021841,greedy_done,16.892476514797103,39.60227099999999
14,30,40,69,39.530253,0.0014797750627622008,0.009404093027114868,greedy_done,17.07638733820247,39.41946000000001
14,30,60,89,39.449961,0.0024001250276342034,0.011923045967705548,greedy_done,17.158198324949282,39.410043
14,30,80,109,39.54558,0.003638821071945131,0.014821340912021697,greedy_done,17.21446279684983,39.54386399999998
14,30,100,129,39.503103,0.005041216965764761,0.017540405970066786,greedy_done,17.243522851855662,39.493196999999974
14,15,20,34,18.692286000000003,0.00044930505100637674,0.0033645799849182367,greedy_done,15.862056723482919,18.686435999999997
14,15,40,54,18.539829000000005,0.0009108029771596193,0.005691337981261313,greedy_done,16.10402899073753,18.522821999999998
14,15,60,74,18.445674000000004,0.0016999050276353955,0.007481280015781522,greedy_done,16.14058525980825,18.346881000000003
14,15,80,94,18.361449000000004,0.0026778769679367542,0.00930486002471298,greedy_done,16.157733752187198,18.30998400000001
14,15,100,114,18.371796000000003,0.0038658619159832597,0.011421778006479144,greedy_done,16.18314105206666,18.327951000000013
14,5,20,24,5.308074,0.00022135803010314703,0.0012253689346835017,greedy_done,14.195144860914747,5.225529000000001
14,5,40,44,5.438070000000001,0.0006647380068898201,0.002444403013214469,greedy_done,14.420618341283468,5.427018000000002
14,5,60,64,5.220699,0.0012778639793395996,0.003469872986897826,greedy_done,14.413042880139411,5.206955999999999
14,5,80,84,5.176404,0.0021843169815838337,0.0042070329654961824,greedy_done,14.40116643225261,5.154753
14,5,100,104,5.211453000000001,0.003251396003179252,0.005145255010575056,greedy_done,14.423979247260206,5.203029
14,3,20,22,2.589678,0.0002137890551239252,0.0007822859333828092,greedy_done,13.293904070321751,2.5862069999999995
14,3,40,42,2.7460649999999998,0.0005892270710319281,0.0015782659174874425,greedy_done,13.506930709418208,2.725644
14,3,60,62,2.5930920000000004,0.0012126920046284795,0.0022339409915730357,greedy_done,13.483133221390501,2.5798259999999997
14,3,80,82,2.514012,0.002079157973639667,0.0026690709637477994,greedy_done,13.423189617145342,2.470524
14,3,100,102,2.516337,0.0031335990643128753,0.003264270955696702,greedy_done,13.423327996835358,2.467737
28,90,20,109,241.728087,0.006811706000007689,0.04299647605512291,greedy_done,37.056510736520224,241.6880489999999
28,90,40,129,241.89473999999998,0.009626306942664087,0.052467530011199415,greedy_done,37.3559572495595,241.81779899999984
28,90,60,149,241.92355199999997,0.01291371206752956,0.06151034194044769,greedy_done,37.5482417365842,241.88383500000003
28,90,80,169,241.88254799999999,0.016470405971631408,0.06922969699371606,greedy_done,37.68553682877048,241.7464800000001
28,90,100,189,241.94484599999998,0.020725457929074764,0.07602024299558252,greedy_done,37.83776398301467,241.85593500000007
28,75,20,94,197.13648900000004,0.005196432000957429,0.03447603399399668,greedy_done,36.460937441094956,197.09291399999967
28,75,40,114,196.97022300000003,0.007405779091641307,0.04330750601366162,greedy_done,36.777851557394946,196.95282899999964
28,75,60,134,196.98510900000002,0.010493424953892827,0.05128816608339548,greedy_done,36.981047472645294,196.9575719999998
28,75,80,154,197.19146700000002,0.01382626302074641,0.058413770981132984,greedy_done,37.12930376004355,197.15873399999978
28,75,100,174,197.30049300000002,0.01735680701676756,0.06470771296881139,greedy_done,37.23668832540818,197.21474099999992
28,60,20,79,154.14057900000006,0.0036990989465266466,0.0269729970023036,greedy_done,35.80092639539033,154.13398499999988
28,60,40,99,154.26841500000006,0.005797253921627998,0.03436978906393051,greedy_done,36.09129853698797,154.11083999999988
28,60,60,119,154.18464600000004,0.008349788025952876,0.041396943968720734,greedy_done,36.30019222316556,154.10262900000006
28,60,80,139,153.99437700000004,0.011266486952081323,0.04818326502572745,greedy_done,36.43731575644019,153.86472600000002
28,60,100,159,153.88513800000004,0.01464368391316384,0.05447933601681143,greedy_done,36.5421952275844,153.81039900000007
28,45,20,64,115.670184,0.002472291002050042,0.02004603308159858,greedy_done,34.9948634705199,115.56063299999988
28,45,40,84,115.537512,0.00418555794749409,0.026269038091413677,greedy_done,35.331789954324975,115.41082499999989
28,45,60,104,115.638879,0.006397724035196006,0.03225925599690527,greedy_done,35.523575331393815,115.60910399999995
28,45,80,124,115.728243,0.009012634982354939,0.038191538071259856,greedy_done,35.660426588125155,115.69428299999991
28,45,100,144,115.61519100000001,0.01211714802775532,0.044203858938999474,greedy_done,35.74175492297409,115.60080900000003
28,30,20,49,76.73860800000001,0.0014648089418187737,0.013123346026986837,greedy_done,33.82598760679509,76.69883100000001
28,30,40,69,76.33884900000001,0.002825279952958226,0.01893603999633342,greedy_done,34.24492558938559,76.15490999999992
28,30,60,89,76.137084,0.0046342749847099185,0.023870885954238474,greedy_done,34.41742995672114,76.09500299999996
28,30,80,109,76.141428,0.006942424923181534,0.029289716039784253,greedy_done,34.52039919194102,76.06566899999997
28,30,100,129,76.30808100000002,0.009590809931978583,0.03433753305580467,greedy_done,34.599347789731105,76.234896
28,15,20,34,36.113661,0.0007619380485266447,0.006709535955451429,greedy_done,31.844425006335836,35.99681400000001
28,15,40,54,36.105123,0.0017592450603842735,0.011407368932850659,greedy_done,32.321361455321906,36.04737900000001
28,15,60,74,35.895279,0.003252604976296425,0.01550652808509767,greedy_done,32.425928292955746,35.80611000000002
28,15,80,94,35.671872,0.0051994239911437035,0.018821444013155997,greedy_done,32.45168262737614,35.659530000000025
28,15,100,114,35.505606,0.007593857008032501,0.022512611001729965,greedy_done,32.48097652537876,35.425782000000034
28,5,20,24,10.010231999999998,0.0004056870238855481,0.002502255025319755,greedy_done,28.52660903070836,9.985077000000008
28,5,40,44,9.986960999999997,0.0011962410062551498,0.004823648021556437,greedy_done,28.839602489885696,9.885845999999999
28,5,60,64,9.694985999999998,0.002457901951856911,0.007217710022814572,greedy_done,28.899012541115333,9.691614000000001
28,5,80,84,9.562313999999997,0.004097284050658345,0.008808432030491531,greedy_done,28.846920402224818,9.473334000000001
28,5,100,104,9.663680999999997,0.006302007008343935,0.010610313969664276,greedy_done,28.881456232163412,9.546594000000002
28,3,20,22,4.908479999999999,0.00034996005706489086,0.0015789649914950132,greedy_done,26.709331227078113,4.8854609999999985
28,3,40,42,4.948085999999999,0.0010887080570682883,0.0031505479710176587,greedy_done,27.02222503954326,4.930310999999999
28,3,60,62,4.761576,0.0023263159673660994,0.0046110720140859485,greedy_done,27.024283048537097,4.746986999999999
28,3,80,82,4.653404999999999,0.003979713073931634,0.005702156922779977,greedy_done,26.954338293741255,4.610123999999999
28,3,100,102,4.750226999999999,0.006058992934413254,0.007109997095540166,greedy_done,27.039311514083835,4.749452999999999
54,90,20,109,443.89862100000005,0.01308409299235791,0.08882070798426867,greedy_done,71.75127972189239,443.73238800000235
54,90,40,129,444.08396100000004,0.018172682030126452,0.10969104699324816,greedy_done,72.28707931712839,443.9987370000017
54,90,60,149,444.02907000000005,0.024452198995277286,0.12913624907378107,greedy_done,72.63644819144838,443.9102550000021
54,90,80,169,443.85223500000006,0.03114537603687495,0.14551638602279127,greedy_done,72.88851120092849,443.8481010000018
54,90,100,189,444.08871000000005,0.03936981700826436,0.1624576790491119,greedy_done,73.14906175055549,444.01943400000135
54,75,20,94,363.65136300000006,0.009864936931990087,0.07102138304617256,greedy_done,70.58105271309572,363.60489900000067
54,75,40,114,363.36358200000006,0.014323484967462718,0.08932132099289447,greedy_done,71.14789587641928,363.2770230000011
54,75,60,134,363.50648400000006,0.019647452048957348,0.10600923898164183,greedy_done,71.5316569015471,363.492084000001
54,75,80,154,363.61829700000004,0.026352862012572587,0.1213759989477694,greedy_done,71.80013631147487,363.5898690000012
54,75,100,174,363.701766,0.03348635695874691,0.13625301700085402,greedy_done,72.0083133875196,363.68789700000104
54,60,20,79,284.84605200000004,0.007021794095635414,0.05528438196051866,greedy_done,69.23452177412258,284.6601840000002
54,60,40,99,284.98284300000006,0.010716011980548501,0.07042242400348186,greedy_done,69.77740217014228,284.90918400000044
54,60,60,119,284.913672,0.015531269018538296,0.0851710420101881,greedy_done,70.18356632554752,284.89488300000005
54,60,80,139,284.62503000000004,0.02095560694579035,0.09890579106286168,greedy_done,70.46675577322036,284.6048639999999
54,60,100,159,284.41707900000006,0.02803776098880917,0.11273018596693873,greedy_done,70.65527251726553,284.33851799999974
54,45,20,64,212.01221400000003,0.004680552054196596,0.039380581001751125,greedy_done,67.60400335767646,211.9766669999999
54,45,40,84,211.89080100000004,0.007754803984425962,0.052427676040679216,greedy_done,68.19942927728015,211.825704
54,45,60,104,211.97301900000002,0.012017093016766012,0.06528724590316415,greedy_done,68.57709822354637,211.89602700000006
54,45,80,124,212.05096200000003,0.016697555081918836,0.07847415201831609,greedy_done,68.86991301985317,211.99114199999994
54,45,100,144,211.803996,0.022767429938539863,0.09074502100702375,greedy_done,69.05785928064722,211.76586300000002
54,30,20,49,140.257068,0.0027342659886926413,0.025803625001572073,greedy_done,65.31885984319725,140.18463000000006
54,30,40,69,139.83263399999998,0.005370651953853667,0.03669257205910981,greedy_done,66.03398122221287,139.7187060000001
54,30,60,89,139.567146,0.008802369935438037,0.047138605965301394,greedy_done,66.3839409741355,139.50964200000013
54,30,80,109,139.583682,0.012938921921886504,0.058195532066747546,greedy_done,66.63156066066402,139.5118020000001
54,30,100,129,139.769022,0.01818493101745844,0.0686955489218235,greedy_done,66.8392472186855,139.74547500000025
54,15,20,34,66.97742699999999,0.0014536890666931868,0.012802640907466412,greedy_done,61.49282416043661,66.94797000000005
54,15,40,54,66.78121199999998,0.0032498560613021255,0.021700285957194865,greedy_done,62.309822334710624,66.72781200000001
54,15,60,74,66.51276899999999,0.0062195040518417954,0.029423852916806936,greedy_done,62.58138141813518,66.47832600000001
54,15,80,94,66.31206599999999,0.009895254974253476,0.03612379601690918,greedy_done,62.7348603426937,66.29069400000004
54,15,100,114,66.02428499999999,0.014197128009982407,0.043512450996786356,greedy_done,62.886252124827514,66.00490200000002
54,5,20,24,18.734414999999995,0.0007851870032027364,0.0047792569966986775,greedy_done,55.299250297394096,18.71303700000001
54,5,40,44,18.736274999999992,0.002245984971523285,0.009268537047319114,greedy_done,55.89541530155774,18.530016000000007
54,5,60,64,18.306644999999993,0.004621646017767489,0.013411163003183901,greedy_done,56.05032073290842,18.279429
54,5,80,84,18.185231999999996,0.007853084011003375,0.017346121021546423,greedy_done,56.13843174739295,18.164301000000012
54,5,100,104,18.267449999999993,0.011807283968664706,0.02080210403073579,greedy_done,56.246217610195984,18.23757900000001
54,3,20,22,9.381371999999995,0.0007145770359784365,0.003088042954914272,greedy_done,51.952440058972165,9.297971999999998
54,3,40,42,9.382148999999995,0.0020506749860942364,0.006121917045675218,greedy_done,52.52575527789566,9.277446
54,3,60,62,8.976971999999996,0.004320495063439012,0.008822315954603255,greedy_done,52.54288006856783,8.971782000000003
54,3,80,82,8.938475999999996,0.007690329919569194,0.011375198024325073,greedy_done,52.64128010424792,8.932563
54,3,100,102,9.023576999999996,0.01155667589046061,0.014074928010813892,greedy_done,52.739247504630754,8.961972000000001
108,90,20,109,443.89862100000005,0.013061100034974515,0.08927077194675803,greedy_done,71.75127972189239,443.73238800000235
108,90,40,129,444.08396100000004,0.018561874981969595,0.10972777102142572,greedy_done,72.28707931712839,443.9987370000017
108,90,60,149,444.02907000000005,0.02405300596728921,0.1289837509393692,greedy_done,72.63644819144838,443.9102550000021
108,90,80,169,443.85223500000006,0.030854228069074452,0.14550668001174927,greedy_done,72.88851120092849,443.8481010000018
108,90,100,189,444.08871000000005,0.039302606019191444,0.16185637097805738,greedy_done,73.14906175055549,444.01943400000135
108,75,20,94,363.65136300000006,0.009809563984163105,0.07105283706914634,greedy_done,70.58105271309572,363.60489900000067
108,75,40,114,363.36358200000006,0.014322889037430286,0.0891587829682976,greedy_done,71.14789587641928,363.2770230000011
108,75,60,134,363.50648400000006,0.019781023962423205,0.10658539505675435,greedy_done,71.5316569015471,363.492084000001
108,75,80,154,363.61829700000004,0.026136027998290956,0.1621767650358379,greedy_done,71.80013631147487,363.5898690000012
108,75,100,174,363.701766,0.03345935407560319,0.13577207003254443,greedy_done,72.0083133875196,363.68789700000104
108,60,20,79,284.84605200000004,0.006960849976167083,0.054722081986255944,greedy_done,69.23452177412258,284.6601840000002
108,60,40,99,284.98284300000006,0.010960254934616387,0.07031820504926145,greedy_done,69.77740217014228,284.90918400000044
108,60,60,119,284.913672,0.015683460980653763,0.0854105269536376,greedy_done,70.18356632554752,284.89488300000005
108,60,80,139,284.62503000000004,0.021192215965129435,0.09902662399690598,greedy_done,70.46675577322036,284.6048639999999
108,60,100,159,284.41707900000006,0.02793988597113639,0.11299669207073748,greedy_done,70.65527251726553,284.33851799999974
108,45,20,64,212.01221400000003,0.004803130053915083,0.039368712925352156,greedy_done,67.60400335767646,211.9766669999999
108,45,40,84,211.89080100000004,0.007934379973448813,0.052729781018570065,greedy_done,68.19942927728015,211.825704
108,45,60,104,211.97301900000002,0.012042300077155232,0.06535497191362083,greedy_done,68.57709822354637,211.89602700000006
108,45,80,124,212.05096200000003,0.016739947022870183,0.07889086205977947,greedy_done,68.86991301985317,211.99114199999994
108,45,100,144,211.803996,0.022569374996237457,0.09055429301224649,greedy_done,69.05785928064722,211.76586300000002
108,30,20,49,140.257068,0.0027886610478162766,0.025806632940657437,greedy_done,65.31885984319725,140.18463000000006
108,30,40,69,139.83263399999998,0.005402368027716875,0.03666906896978617,greedy_done,66.03398122221287,139.7187060000001
108,30,60,89,139.567146,0.008948278962634504,0.047322134021669626,greedy_done,66.3839409741355,139.50964200000013
108,30,80,109,139.583682,0.01319175900425762,0.05823292105924338,greedy_done,66.63156066066402,139.5118020000001
108,30,100,129,139.769022,0.018316755071282387,0.06872632401064038,greedy_done,66.8392472186855,139.74547500000025
108,15,20,34,66.97742699999999,0.0015748790465295315,0.012767486972734332,greedy_done,61.49282416043661,66.94797000000005
108,15,40,54,66.78121199999998,0.0035058900248259306,0.021574639016762376,greedy_done,62.309822334710624,66.72781200000001
108,15,60,74,66.51276899999999,0.006016846047714353,0.029114514938555658,greedy_done,62.58138141813518,66.47832600000001
108,15,80,94,66.31206599999999,0.009800288011319935,0.036276516038924456,greedy_done,62.7348603426937,66.29069400000004
108,15,100,114,66.02428499999999,0.014384811976924539,0.0435706430580467,greedy_done,62.886252124827514,66.00490200000002
108,5,20,24,18.734414999999995,0.0007587909931316972,0.004761139047332108,greedy_done,55.299250297394096,18.71303700000001
108,5,40,44,18.736274999999992,0.002311652060598135,0.009228057926520705,greedy_done,55.89541530155774,18.530016000000007
108,5,60,64,18.306644999999993,0.004652836942113936,0.013384290039539337,greedy_done,56.05032073290842,18.279429
108,5,80,84,18.185231999999996,0.007914550951682031,0.017122226068750024,greedy_done,56.13843174739295,18.164301000000012
108,5,100,104,18.267449999999993,0.011989042977802455,0.020859810058027506,greedy_done,56.246217610195984,18.23757900000001
108,3,20,22,9.381371999999995,0.000685584032908082,0.0030484580202028155,greedy_done,51.952440058972165,9.297971999999998
108,3,40,42,9.382148999999995,0.0020363200455904007,0.006182349985465407,greedy_done,52.52575527789566,9.277446
108,3,60,62,8.976971999999996,0.00435682397801429,0.008838454028591514,greedy_done,52.54288006856783,8.971782000000003
108,3,80,82,8.938475999999996,0.007518625934608281,0.011457274085842073,greedy_done,52.64128010424792,8.932563
108,3,100,102,9.023576999999996,0.011486656032502651,0.014057634049095213,greedy_done,52.739247504630754,8.961972000000001
216,90,20,109,443.89862100000005,0.013102057971991599,0.08955247304402292,greedy_done,71.75127972189239,443.73238800000235
216,90,40,129,444.08396100000004,0.018410620978102088,0.10998296993784606,greedy_done,72.28707931712839,443.9987370000017
216,90,60,149,444.02907000000005,0.024141720961779356,0.12936101097147912,greedy_done,72.63644819144838,443.9102550000021
216,90,80,169,443.85223500000006,0.031078766100108624,0.14538556896150112,greedy_done,72.88851120092849,443.8481010000018
216,90,100,189,444.08871000000005,0.039286133949644864,0.1614480169955641,greedy_done,73.14906175055549,444.01943400000135
216,75,20,94,363.65136300000006,0.010028340038843453,0.07183520193211734,greedy_done,70.58105271309572,363.60489900000067
216,75,40,114,363.36358200000006,0.014448553905822337,0.0898468280211091,greedy_done,71.14789587641928,363.2770230000011
216,75,60,134,363.50648400000006,0.019534958992153406,0.10622829792555422,greedy_done,71.5316569015471,363.492084000001
216,75,80,154,363.61829700000004,0.02566367096733302,0.12178562197368592,greedy_done,71.80013631147487,363.5898690000012
216,75,100,174,363.701766,0.03321396897081286,0.13661863608285785,greedy_done,72.0083133875196,363.68789700000104
216,60,20,79,284.84605200000004,0.007030677981674671,0.05544522905256599,greedy_done,69.23452177412258,284.6601840000002
216,60,40,99,284.98284300000006,0.010782649042084813,0.07050806505139917,greedy_done,69.77740217014228,284.90918400000044
216,60,60,119,284.913672,0.015701732016168535,0.08603101898916066,greedy_done,70.18356632554752,284.89488300000005
216,60,80,139,284.62503000000004,0.021289778989739716,0.09950989403296262,greedy_done,70.46675577322036,284.6048639999999
216,60,100,159,284.41707900000006,0.027421363978646696,0.11266841704491526,greedy_done,70.65527251726553,284.33851799999974
216,45,20,64,212.01221400000003,0.004629992065019906,0.039517762954346836,greedy_done,67.60400335767646,211.9766669999999
216,45,40,84,211.89080100000004,0.007903725956566632,0.05246012797579169,greedy_done,68.19942927728015,211.825704
216,45,60,104,211.97301900000002,0.011952180997468531,0.06548628304153681,greedy_done,68.57709822354637,211.89602700000006
216,45,80,124,212.05096200000003,0.016838242998346686,0.07905176992062479,greedy_done,68.86991301985317,211.99114199999994
216,45,100,144,211.803996,0.022987476084381342,0.09059139993041754,greedy_done,69.05785928064722,211.76586300000002
216,30,20,49,140.257068,0.0028442800976336002,0.025806656922213733,greedy_done,65.31885984319725,140.18463000000006
216,30,40,69,139.83263399999998,0.005510214017704129,0.03666261304169893,greedy_done,66.03398122221287,139.7187060000001
216,30,60,89,139.567146,0.008818891015835106,0.047327940934337676,greedy_done,66.3839409741355,139.50964200000013
216,30,80,109,139.583682,0.013242269051261246,0.05825777992140502,greedy_done,66.63156066066402,139.5118020000001
216,30,100,129,139.769022,0.01800228503998369,0.06891961093060672,greedy_done,66.8392472186855,139.74547500000025
216,15,20,34,66.97742699999999,0.0013962869998067617,0.01280547899659723,greedy_done,61.49282416043661,66.94797000000005
216,15,40,54,66.78121199999998,0.0032783529022708535,0.021518944995477796,greedy_done,62.309822334710624,66.72781200000001
216,15,60,74,66.51276899999999,0.006238050060346723,0.029275008011609316,greedy_done,62.58138141813518,66.47832600000001
216,15,80,94,66.31206599999999,0.01003267103806138,0.03650356293655932,greedy_done,62.7348603426937,66.29069400000004
216,15,100,114,66.02428499999999,0.014193732989951968,0.043633464025333524,greedy_done,62.886252124827514,66.00490200000002
216,5,20,24,18.734414999999995,0.0007517760386690497,0.0047739950241521,greedy_done,55.299250297394096,18.71303700000001
216,5,40,44,18.736274999999992,0.00227859104052186,0.00930421194061637,greedy_done,55.89541530155774,18.530016000000007
216,5,60,64,18.306644999999993,0.004597345017828047,0.013427561963908374,greedy_done,56.05032073290842,18.279429
216,5,80,84,18.185231999999996,0.007931047002784908,0.017327553941868246,greedy_done,56.13843174739295,18.164301000000012
216,5,100,104,18.267449999999993,0.01217780401930213,0.02073244599159807,greedy_done,56.246217610195984,18.23757900000001
216,3,20,22,9.381371999999995,0.0007128760917112231,0.0030608749948441982,greedy_done,51.952440058972165,9.297971999999998
216,3,40,42,9.382148999999995,0.0020405580289661884,0.0061274380423128605,greedy_done,52.52575527789566,9.277446
216,3,60,62,8.976971999999996,0.004361810046248138,0.00889618694782257,greedy_done,52.54288006856783,8.971782000000003
216,3,80,82,8.938475999999996,0.007660777075216174,0.011286434950307012,greedy_done,52.64128010424792,8.932563
216,3,100,102,9.023576999999996,0.011624034959822893,0.014081864967010915,greedy_done,52.739247504630754,8.961972000000001
432,90,20,109,443.89862100000005,0.013483272981829941,0.09009250206872821,greedy_done,71.75127972189239,443.73238800000235
432,90,40,129,444.08396100000004,0.018239990924485028,0.1098746641073376,greedy_done,72.28707931712839,443.9987370000017
432,90,60,149,444.02907000000005,0.024135681916959584,0.1290864630136639,greedy_done,72.63644819144838,443.9102550000021
432,90,80,169,443.85223500000006,0.032158814021386206,0.14757663290947676,greedy_done,72.88851120092849,443.8481010000018
432,90,100,189,444.08871000000005,0.03929519804660231,0.16180556896142662,greedy_done,73.14906175055549,444.01943400000135
432,75,20,94,363.65136300000006,0.00986517802812159,0.07143085391726345,greedy_done,70.58105271309572,363.60489900000067
432,75,40,114,363.36358200000006,0.0144771090708673,0.08984652499202639,greedy_done,71.14789587641928,363.2770230000011
432,75,60,134,363.50648400000006,0.019885621964931488,0.10649479797575623,greedy_done,71.5316569015471,363.492084000001
432,75,80,154,363.61829700000004,0.02584923803806305,0.1218779570190236,greedy_done,71.80013631147487,363.5898690000012
432,75,100,174,363.701766,0.03326705493964255,0.13777102902531624,greedy_done,72.0083133875196,363.68789700000104
432,60,20,79,284.84605200000004,0.006943661952391267,0.05527069605886936,greedy_done,69.23452177412258,284.6601840000002
432,60,40,99,284.98284300000006,0.010645799920894206,0.07068860402796417,greedy_done,69.77740217014228,284.90918400000044
432,60,60,119,284.913672,0.015446546953171492,0.08572162804193795,greedy_done,70.18356632554752,284.89488300000005
432,60,80,139,284.62503000000004,0.020982182933948934,0.09947094100061804,greedy_done,70.46675577322036,284.6048639999999
432,60,100,159,284.41707900000006,0.02946346194949001,0.11556696309708059,greedy_done,70.65527251726553,284.33851799999974
432,45,20,64,212.01221400000003,0.004617783008143306,0.03977221599780023,greedy_done,67.60400335767646,211.9766669999999
432,45,40,84,211.89080100000004,0.007735811057500541,0.05269098200369626,greedy_done,68.19942927728015,211.825704
432,45,60,104,211.97301900000002,0.011792204924859107,0.06565692706499249,greedy_done,68.57709822354637,211.89602700000006
432,45,80,124,212.05096200000003,0.01695620804093778,0.07846590201370418,greedy_done,68.86991301985317,211.99114199999994
432,45,100,144,211.803996,0.023194541921839118,0.09178061108104885,greedy_done,69.05785928064722,211.76586300000002
432,30,20,49,140.257068,0.0027969139628112316,0.025741943041794002,greedy_done,65.31885984319725,140.18463000000006
432,30,40,69,139.83263399999998,0.005339588038623333,0.03666222805622965,greedy_done,66.03398122221287,139.7187060000001
432,30,60,89,139.567146,0.008877596934325993,0.04749636701308191,greedy_done,66.3839409741355,139.50964200000013
432,30,80,109,139.583682,0.013230846030637622,0.05824943201150745,greedy_done,66.63156066066402,139.5118020000001
432,30,100,129,139.769022,0.01795687002595514,0.06876064895186573,greedy_done,66.8392472186855,139.74547500000025
432,15,20,34,66.97742699999999,0.0014103678986430168,0.01282361603807658,greedy_done,61.49282416043661,66.94797000000005
432,15,40,54,66.78121199999998,0.003314546076580882,0.02172630198765546,greedy_done,62.309822334710624,66.72781200000001
432,15,60,74,66.51276899999999,0.006104925065301359,0.02933313196990639,greedy_done,62.58138141813518,66.47832600000001
432,15,80,94,66.31206599999999,0.009873936069197953,0.03637306694872677,greedy_done,62.7348603426937,66.29069400000004
432,15,100,114,66.02428499999999,0.014470534981228411,0.0436010230332613,greedy_done,62.886252124827514,66.00490200000002
432,5,20,24,18.734414999999995,0.0007619459647685289,0.004768167971633375,greedy_done,55.299250297394096,18.71303700000001
432,5,40,44,18.736274999999992,0.0022309329360723495,0.00931379001121968,greedy_done,55.89541530155774,18.530016000000007
432,5,60,64,18.306644999999993,0.004791171057149768,0.013355296920053661,greedy_done,56.05032073290842,18.279429
432,5,80,84,18.185231999999996,0.007776151061989367,0.017098122974857688,greedy_done,56.13843174739295,18.164301000000012
432,5,100,104,18.267449999999993,0.012023087940178812,0.020920130074955523,greedy_done,56.246217610195984,18.23757900000001
432,3,20,22,9.381371999999995,0.0007337770657613873,0.003084614989347756,greedy_done,51.952440058972165,9.297971999999998
432,3,40,42,9.382148999999995,0.0020943130366504192,0.006155741051770747,greedy_done,52.52575527789566,9.277446
432,3,60,62,8.976971999999996,0.0043340499978512526,0.008817875059321523,greedy_done,52.54288006856783,8.971782000000003
432,3,80,82,8.938475999999996,0.007599698030389845,0.011342171928845346,greedy_done,52.64128010424792,8.932563
432,3,100,102,9.023576999999996,0.011456531006842852,0.014093188918195665,greedy_done,52.739247504630754,8.961972000000001
864,90,20,109,443.89862100000005,0.013266967958770692,0.09042855305597186,greedy_done,71.75127972189239,443.73238800000235
864,90,40,129,444.08396100000004,0.01819055201485753,0.10999317304231226,greedy_done,72.28707931712839,443.9987370000017
864,90,60,149,444.02907000000005,0.024223073036409914,0.12919297302141786,greedy_done,72.63644819144838,443.9102550000021
864,90,80,169,443.85223500000006,0.03218093095347285,0.14631247404031456,greedy_done,72.88851120092849,443.8481010000018
864,90,100,189,444.08871000000005,0.03894931497052312,0.16218504798598588,greedy_done,73.14906175055549,444.01943400000135
864,75,20,94,363.65136300000006,0.009859939105808735,0.0717580079799518,greedy_done,70.58105271309572,363.60489900000067
864,75,40,114,363.36358200000006,0.014452696894295514,0.09108845004811883,greedy_done,71.14789587641928,363.2770230000011
864,75,60,134,363.50648400000006,0.01998690702021122,0.10628646402619779,greedy_done,71.5316569015471,363.492084000001
864,75,80,154,363.61829700000004,0.02597997896373272,0.1214801330352202,greedy_done,71.80013631147487,363.5898690000012
864,75,100,174,363.701766,0.033202879945747554,0.1361523480154574,greedy_done,72.0083133875196,363.68789700000104
864,60,20,79,284.84605200000004,0.007056681904941797,0.054825696046464145,greedy_done,69.23452177412258,284.6601840000002
864,60,40,99,284.98284300000006,0.010855869040824473,0.0704275289317593,greedy_done,69.77740217014228,284.90918400000044
864,60,60,119,284.913672,0.01628809899557382,0.08522304298821837,greedy_done,70.18356632554752,284.89488300000005
864,60,80,139,284.62503000000004,0.02117055794224143,0.09947474906221032,greedy_done,70.46675577322036,284.6048639999999
864,60,100,159,284.41707900000006,0.027638784958980978,0.11330524599179626,greedy_done,70.65527251726553,284.33851799999974
864,45,20,64,212.01221400000003,0.0046826720936223865,0.039721960900351405,greedy_done,67.60400335767646,211.9766669999999
864,45,40,84,211.89080100000004,0.008277545915916562,0.0524297000374645,greedy_done,68.19942927728015,211.825704
864,45,60,104,211.97301900000002,0.01194893300998956,0.06565567897632718,greedy_done,68.57709822354637,211.89602700000006
864,45,80,124,212.05096200000003,0.01685036695562303,0.0791245549917221,greedy_done,68.86991301985317,211.99114199999994
864,45,100,144,211.803996,0.023156475042924285,0.09155769494827837,greedy_done,69.05785928064722,211.76586300000002
864,30,20,49,140.257068,0.0028769479831680655,0.025664546992629766,greedy_done,65.31885984319725,140.18463000000006
864,30,40,69,139.83263399999998,0.005390947102569044,0.03666972497012466,greedy_done,66.03398122221287,139.7187060000001
864,30,60,89,139.567146,0.008768571075052023,0.0472599589265883,greedy_done,66.3839409741355,139.50964200000013
864,30,80,109,139.583682,0.013055959017947316,0.05823478591628373,greedy_done,66.63156066066402,139.5118020000001
864,30,100,129,139.769022,0.018369724974036217,0.06871202099137008,greedy_done,66.8392472186855,139.74547500000025
864,15,20,34,66.97742699999999,0.0014017310459166765,0.012839674018323421,greedy_done,61.49282416043661,66.94797000000005
864,15,40,54,66.78121199999998,0.00331127701792866,0.02162850694730878,greedy_done,62.309822334710624,66.72781200000001
864,15,60,74,66.51276899999999,0.006221337942406535,0.029328036005608737,greedy_done,62.58138141813518,66.47832600000001
864,15,80,94,66.31206599999999,0.010004314943216741,0.036413573077879846,greedy_done,62.7348603426937,66.29069400000004
864,15,100,114,66.02428499999999,0.0141721919644624,0.04352389799896628,greedy_done,62.886252124827514,66.00490200000002
864,5,20,24,18.734414999999995,0.0007967980345711112,0.004855022998526692,greedy_done,55.299250297394096,18.71303700000001
864,5,40,44,18.736274999999992,0.0022115070605650544,0.009268495021387935,greedy_done,55.89541530155774,18.530016000000007
864,5,60,64,18.306644999999993,0.004636848927475512,0.013377132010646164,greedy_done,56.05032073290842,18.279429
864,5,80,84,18.185231999999996,0.007972629042342305,0.017108198953792453,greedy_done,56.13843174739295,18.164301000000012
864,5,100,104,18.267449999999993,0.011891787988133729,0.020917203975841403,greedy_done,56.246217610195984,18.23757900000001
864,3,20,22,9.381371999999995,0.0006622939836233854,0.003053596941754222,greedy_done,51.952440058972165,9.297971999999998
864,3,40,42,9.382148999999995,0.0020472509786486626,0.006182232056744397,greedy_done,52.52575527789566,9.277446
864,3,60,62,8.976971999999996,0.004380512051284313,0.00885517499409616,greedy_done,52.54288006856783,8.971782000000003
864,3,80,82,8.938475999999996,0.007538628997281194,0.01141509204171598,greedy_done,52.64128010424792,8.932563
864,3,100,102,9.023576999999996,0.011725763091817498,0.014141325955279171,greedy_done,52.739247504630754,8.961972000000001
1000,90,20,109,443.89862100000005,0.013244390953332186,0.08932889509014785,greedy_done,71.75127972189239,443.73238800000235
1000,90,40,129,444.08396100000004,0.018422493943944573,0.10998736508190632,greedy_done,72.28707931712839,443.9987370000017
1000,90,60,149,444.02907000000005,0.024384362041018903,0.12895100796595216,greedy_done,72.63644819144838,443.9102550000021
1000,90,80,169,443.85223500000006,0.03105745103675872,0.1465834960108623,greedy_done,72.88851120092849,443.8481010000018
1000,90,100,189,444.08871000000005,0.038923778920434415,0.16250097507145256,greedy_done,73.14906175055549,444.01943400000135
1000,75,20,94,363.65136300000006,0.00992395798675716,0.07184036402031779,greedy_done,70.58105271309572,363.60489900000067
1000,75,40,114,363.36358200000006,0.014991839998401701,0.09113205503672361,greedy_done,71.14789587641928,363.2770230000011
1000,75,60,134,363.50648400000006,0.019832271966151893,0.10636886395514011,greedy_done,71.5316569015471,363.492084000001
1000,75,80,154,363.61829700000004,0.026748254080303013,0.12171415996272117,greedy_done,71.80013631147487,363.5898690000012
1000,75,100,174,363.701766,0.03307793999556452,0.13752578699495643,greedy_done,72.0083133875196,363.68789700000104
1000,60,20,79,284.84605200000004,0.0072242580354213715,0.05463334999512881,greedy_done,69.23452177412258,284.6601840000002
1000,60,40,99,284.98284300000006,0.010935666970908642,0.07037445006426424,greedy_done,69.77740217014228,284.90918400000044
1000,60,60,119,284.913672,0.015860849991440773,0.08504149795044214,greedy_done,70.18356632554752,284.89488300000005
1000,60,80,139,284.62503000000004,0.02105747803580016,0.09915521694347262,greedy_done,70.46675577322036,284.6048639999999
1000,60,100,159,284.41707900000006,0.027466912986710668,0.1132993990322575,greedy_done,70.65527251726553,284.33851799999974
1000,45,20,64,212.01221400000003,0.004643857013434172,0.03956225700676441,greedy_done,67.60400335767646,211.9766669999999
1000,45,40,84,211.89080100000004,0.007832483039237559,0.052487042965367436,greedy_done,68.19942927728015,211.825704
1000,45,60,104,211.97301900000002,0.011893193004652858,0.0658773350296542,greedy_done,68.57709822354637,211.89602700000006
1000,45,80,124,212.05096200000003,0.016854202025569975,0.0797316370299086,greedy_done,68.86991301985317,211.99114199999994
1000,45,100,144,211.803996,0.023079680046066642,0.09194141696207225,greedy_done,69.05785928064722,211.76586300000002
1000,30,20,49,140.257068,0.002870948053896427,0.025808378006331623,greedy_done,65.31885984319725,140.18463000000006
1000,30,40,69,139.83263399999998,0.0053525499533861876,0.03729464707430452,greedy_done,66.03398122221287,139.7187060000001
1000,30,60,89,139.567146,0.008753253030590713,0.04773486603517085,greedy_done,66.3839409741355,139.50964200000013
1000,30,80,109,139.583682,0.013167948927730322,0.05820690107066184,greedy_done,66.63156066066402,139.5118020000001
1000,30,100,129,139.769022,0.018224823055788875,0.06838545692153275,greedy_done,66.8392472186855,139.74547500000025
1000,15,20,34,66.97742699999999,0.0014343239599838853,0.012915645027533174,greedy_done,61.49282416043661,66.94797000000005
1000,15,40,54,66.78121199999998,0.0033420040272176266,0.021640762919560075,greedy_done,62.309822334710624,66.72781200000001
1000,15,60,74,66.51276899999999,0.006088298046961427,0.029199683922342956,greedy_done,62.58138141813518,66.47832600000001
1000,15,80,94,66.31206599999999,0.009870782028883696,0.036506210919469595,greedy_done,62.7348603426937,66.29069400000004
1000,15,100,114,66.02428499999999,0.014352394035086036,0.04372109496034682,greedy_done,62.886252124827514,66.00490200000002
1000,5,20,24,18.734414999999995,0.0008029419695958495,0.004770942032337189,greedy_done,55.299250297394096,18.71303700000001
1000,5,40,44,18.736274999999992,0.002215832006186247,0.009240068960934877,greedy_done,55.89541530155774,18.530016000000007
1000,5,60,64,18.306644999999993,0.004680546000599861,0.013399814022704959,greedy_done,56.05032073290842,18.279429
1000,5,80,84,18.185231999999996,0.007883812999352813,0.01714057894423604,greedy_done,56.13843174739295,18.164301000000012
1000,5,100,104,18.267449999999993,0.011987011064775288,0.02084017195738852,greedy_done,56.246217610195984,18.23757900000001
1000,3,20,22,9.381371999999995,0.0006481320597231388,0.003072544001042843,greedy_done,51.952440058972165,9.297971999999998
1000,3,40,42,9.382148999999995,0.0020601439755409956,0.006159733980894089,greedy_done,52.52575527789566,9.277446
1000,3,60,62,8.976971999999996,0.0043022120371460915,0.008802199037745595,greedy_done,52.54288006856783,8.971782000000003
1000,3,80,82,8.938475999999996,0.007693449966609478,0.011420448077842593,greedy_done,52.64128010424792,8.932563
1000,3,100,102,9.023576999999996,0.011582546983845532,0.01419691403862089,greedy_done,52.739247504630754,8.961972000000001
